Product_ID,Product_Name,Category,Cost_Price,Selling_Price,Demand,Revenue,Date,Inventory,Competitor_Price,Season
PRD-0001,Vitamin C Serum,Beauty,2647,3565,230,819950,2023-04-15,218,3179,Spring
PRD-0002,Organic Rice 5kg,Grocery,222,297,98,29106,2024-07-28,169,306,Summer
PRD-0003,Sneakers Pro,Fashion,8594,10346,183,1893318,2024-12-15,213,11295,Winter
PRD-0004,Resistance Bands,Sports,921,1159,90,104310,2024-09-10,142,1280,Autumn
PRD-0005,Bluetooth Speaker,Electronics,9019,12409,260,3226340,2024-01-06,228,12888,Winter
PRD-0006,Sneakers Pro,Fashion,10352,17735,147,2607045,2024-01-25,209,19685,Winter
PRD-0007,Basmati Rice 5kg,Grocery,971,1574,199,313226,2023-03-15,406,1661,Spring
PRD-0008,Bluetooth Speaker,Electronics,18767,32940,296,9750240,2023-08-13,627,34799,Summer
PRD-0009,Designer Jacket,Fashion,8550,12318,262,3227316,2024-08-03,502,10715,Summer
PRD-0010,Coconut Milk,Grocery,286,367,124,45508,2024-07-05,288,394,Summer
PRD-0011,Basmati Rice 5kg,Grocery,1397,1792,304,544768,2023-02-18,326,1789,Winter
PRD-0012,Moisturizer SPF50,Beauty,1470,2290,320,732800,2023-09-15,262,2268,Autumn
PRD-0013,Fitness Tracker,Sports,5450,7652,188,1438576,2023-06-11,430,7178,Summer
PRD-0014,Summer Dress,Fashion,5577,7048,153,1078344,2024-10-16,220,7313,Autumn
PRD-0015,Smartphone X12,Electronics,35546,53076,336,17833536,2024-01-07,444,46896,Winter
PRD-0016,Laptop Pro,Electronics,9368,13973,218,3046114,2024-06-29,351,12167,Summer
PRD-0017,Stand Mixer,Home Appliances,19413,30361,334,10140574,2024-07-06,672,34591,Summer
PRD-0018,Protein Granola,Grocery,670,1012,35,35420,2023-08-19,61,897,Summer
PRD-0019,Air Purifier,Home Appliances,4343,6856,271,1857976,2023-02-02,326,6298,Winter
PRD-0020,Perfume Luxe,Beauty,1979,3234,221,714714,2024-08-13,480,3605,Summer
PRD-0021,Laptop Pro,Electronics,38608,54537,302,16470174,2023-02-25,292,53083,Winter
PRD-0022,Protein Granola,Grocery,1141,1444,155,223820,2024-07-03,197,1310,Summer
PRD-0023,Denim Jeans,Fashion,4931,8466,271,2294286,2023-02-21,224,8594,Winter
PRD-0024,Smart Watch,Electronics,13482,20107,291,5851137,2024-02-15,234,18380,Winter
PRD-0025,Coconut Milk,Grocery,471,762,262,199644,2024-07-23,294,815,Summer
PRD-0026,Designer Jacket,Fashion,6292,9597,47,451059,2023-02-28,111,10311,Winter
PRD-0027,Air Purifier,Home Appliances,33706,42067,39,1640613,2024-09-01,58,38102,Autumn
PRD-0028,Travel Pillow,Accessories,3326,4071,162,659502,2024-11-04,387,3560,Autumn
PRD-0029,Leather Bag,Fashion,2887,4150,176,730400,2023-11-04,421,4364,Autumn
PRD-0030,Laptop Pro,Electronics,8736,11600,359,4164400,2023-12-24,513,10783,Winter
PRD-0031,Tablet Z,Electronics,36196,64876,286,18554536,2023-01-09,682,67873,Winter
PRD-0032,Wireless Earbuds,Electronics,18488,32055,128,4103040,2023-06-09,259,34386,Summer
PRD-0033,Sneakers Pro,Fashion,5554,7502,65,487630,2023-02-22,83,8421,Winter
PRD-0034,Wireless Earbuds,Electronics,37493,50884,285,14501940,2024-07-18,282,54566,Summer
PRD-0035,Smart Ring,Accessories,3146,5351,149,797299,2023-06-01,212,5483,Summer
PRD-0036,Sunglasses UV400,Accessories,5054,6702,123,824346,2023-04-16,281,6198,Spring
PRD-0037,Smart Ring,Accessories,5199,6977,247,1723319,2023-07-01,507,6271,Summer
PRD-0038,Silk Scarf,Fashion,8522,14645,75,1098375,2023-10-01,109,16010,Autumn
PRD-0039,LED Monitor,Electronics,16344,27621,274,7568154,2023-11-09,323,27292,Autumn
PRD-0040,Eye Cream,Beauty,1283,2205,135,297675,2023-10-13,264,2514,Autumn
PRD-0041,Finance Freedom,Books,535,679,286,194194,2023-07-02,247,775,Summer
PRD-0042,Air Fryer,Home Appliances,26042,36152,73,2639096,2024-06-07,82,37304,Summer
PRD-0043,Bluetooth Speaker,Electronics,5086,8928,74,660672,2024-11-17,179,9031,Autumn
PRD-0044,Desk Organizer,Accessories,3782,4821,139,670119,2024-06-03,206,5400,Summer
PRD-0045,Summer Dress,Fashion,2418,3866,209,807994,2023-06-28,362,3726,Summer
PRD-0046,Tablet Z,Electronics,15719,26274,152,3993648,2023-11-26,177,27115,Autumn
PRD-0047,Instant Pot,Home Appliances,23742,32533,131,4261823,2024-09-26,272,34132,Autumn
PRD-0048,Perfume Luxe,Beauty,2862,3687,196,722652,2024-05-01,309,3185,Spring
PRD-0049,Self Help Master,Books,445,637,202,128674,2023-06-01,419,618,Summer
PRD-0050,Resistance Bands,Sports,5515,7342,203,1490426,2024-12-13,248,8012,Winter
PRD-0051,Creative Thinking,Books,205,303,257,77871,2024-07-26,595,306,Summer
PRD-0052,Induction Cooktop,Home Appliances,29409,44958,193,8676894,2024-05-01,430,50315,Spring
PRD-0053,Winter Coat,Fashion,6767,9235,71,655685,2023-10-20,165,8064,Autumn
PRD-0054,Wireless Earbuds,Electronics,16794,27145,151,4098895,2023-03-07,240,28826,Spring
PRD-0055,Bluetooth Speaker,Electronics,24863,41319,414,17106066,2023-01-21,599,46848,Winter
PRD-0056,Gaming Console,Electronics,20229,29008,225,6526800,2024-03-05,486,32416,Spring
PRD-0057,Creative Thinking,Books,240,351,252,88452,2023-12-11,512,301,Winter
PRD-0058,Business Strategy,Books,552,839,206,172834,2024-08-29,390,941,Summer
PRD-0059,LED Monitor,Electronics,14268,19349,125,2418625,2024-04-10,181,18347,Spring
PRD-0060,Jump Rope,Sports,1990,2486,40,99440,2024-07-06,47,2128,Summer
PRD-0061,Smartphone X12,Electronics,43466,76925,211,16231175,2023-01-21,339,69987,Winter
PRD-0062,Smart Watch,Electronics,28717,38876,196,7619696,2024-09-12,195,37347,Autumn
PRD-0063,Fitness Tracker,Sports,1024,1245,249,310005,2024-11-24,598,1175,Autumn
PRD-0064,Smart Watch,Electronics,10197,16963,295,5004085,2024-09-06,520,18746,Autumn
PRD-0065,Bluetooth Speaker,Electronics,38738,48088,384,18465792,2023-01-13,376,50217,Winter
PRD-0066,Key Finder,Accessories,4019,5873,112,657776,2024-10-28,192,6285,Autumn
PRD-0067,Induction Cooktop,Home Appliances,29249,45496,209,9508664,2023-09-09,480,43071,Autumn
PRD-0068,Winter Coat,Fashion,6198,9922,244,2420968,2024-05-21,283,9435,Spring
PRD-0069,Protein Powder,Sports,2174,3386,35,118510,2024-07-23,33,3772,Summer
PRD-0070,Cycling Helmet,Sports,4020,5404,221,1194284,2024-12-29,212,5365,Winter
PRD-0071,Formal Shirt,Fashion,3562,5517,159,877203,2024-06-27,276,5473,Summer
PRD-0072,Coconut Milk,Grocery,452,611,124,75764,2023-07-17,300,541,Summer
PRD-0073,Perfume Luxe,Beauty,914,1362,274,373188,2024-06-21,607,1454,Summer
PRD-0074,Leather Bag,Fashion,2294,2772,29,80388,2023-10-08,38,2800,Autumn
PRD-0075,Key Finder,Accessories,754,910,133,121030,2024-05-05,118,851,Spring
PRD-0076,Key Finder,Accessories,816,1011,203,205233,2024-08-13,214,1008,Summer
PRD-0077,Stand Mixer,Home Appliances,4811,6490,231,1499190,2024-03-02,273,6603,Spring
PRD-0078,Water Purifier,Home Appliances,31981,44083,123,5422209,2024-03-15,226,45254,Spring
PRD-0079,Running Shoes,Sports,4491,6102,52,317304,2023-09-03,42,5335,Autumn
PRD-0080,Coconut Milk,Grocery,479,641,314,201274,2024-12-20,376,681,Winter
PRD-0081,Formal Shirt,Fashion,4751,7254,229,1661166,2023-09-30,248,7575,Autumn
PRD-0082,Sneakers Pro,Fashion,4892,7246,347,2514362,2024-02-17,569,6820,Winter
PRD-0083,Smartphone X12,Electronics,50361,82628,70,5783960,2023-01-27,155,85199,Winter
PRD-0084,Air Purifier,Home Appliances,34986,56095,255,14304225,2023-02-11,429,52216,Winter
PRD-0085,Green Tea Pack,Grocery,336,521,330,171930,2024-05-18,493,542,Spring
PRD-0086,Denim Jeans,Fashion,9077,12689,211,2677379,2023-10-23,442,13426,Autumn
PRD-0087,Laptop Pro,Electronics,21040,29329,427,12523483,2024-02-18,342,33466,Winter
PRD-0088,Creative Thinking,Books,319,419,222,93018,2024-05-25,254,402,Spring
PRD-0089,Stand Mixer,Home Appliances,16458,26645,156,4156620,2024-10-07,167,23619,Autumn
PRD-0090,Induction Cooktop,Home Appliances,5076,9113,368,3353584,2024-04-17,391,10242,Spring
PRD-0091,Phone Case Pro,Accessories,2948,4021,108,434268,2024-04-28,157,4425,Spring
PRD-0092,Smart Ring,Accessories,4866,6646,177,1176342,2024-02-29,222,7224,Winter
PRD-0093,Tablet Z,Electronics,47711,73854,182,13441428,2023-06-02,248,77398,Summer
PRD-0094,Jump Rope,Sports,3351,4668,99,462132,2024-12-15,223,4232,Winter
PRD-0095,Protein Granola,Grocery,1068,1734,459,795906,2024-01-31,876,1896,Winter
PRD-0096,Smartphone X12,Electronics,11439,20352,272,5535744,2023-04-13,461,19326,Spring
PRD-0097,Olive Oil 1L,Grocery,633,1008,219,220752,2024-04-25,407,903,Spring
PRD-0098,Premium Coffee,Grocery,1207,2066,429,886314,2024-01-25,990,2289,Winter
PRD-0099,Air Purifier,Home Appliances,22376,30003,339,10171017,2023-10-22,521,31663,Autumn
PRD-0100,Laptop Pro,Electronics,27628,44658,140,6252120,2023-02-17,197,50063,Winter
PRD-0101,Basmati Rice 5kg,Grocery,791,1218,93,113274,2023-06-24,135,1325,Summer
PRD-0102,Body Lotion,Beauty,3212,4130,154,636020,2023-09-18,359,4082,Autumn
PRD-0103,Green Tea Pack,Grocery,981,1270,356,452120,2023-12-20,867,1248,Winter
PRD-0104,Body Lotion,Beauty,2990,3945,51,201195,2024-05-09,72,3809,Spring
PRD-0105,Sneakers Pro,Fashion,719,1221,237,289377,2023-01-09,490,1183,Winter
PRD-0106,LED Monitor,Electronics,47475,82690,236,19514840,2023-08-24,444,89530,Summer
PRD-0107,Hair Growth Oil,Beauty,2273,3960,216,855360,2023-11-13,307,4134,Autumn
PRD-0108,Tablet Z,Electronics,21663,31396,278,8728088,2024-07-06,460,28578,Summer
PRD-0109,Summer Dress,Fashion,3070,5203,217,1129051,2023-10-30,216,5175,Autumn
PRD-0110,Smart Ring,Accessories,4272,5705,353,2013865,2024-11-21,765,6007,Autumn
PRD-0111,Almond Butter,Grocery,118,180,211,37980,2024-11-19,305,178,Autumn
PRD-0112,Lipstick Set,Beauty,558,748,119,89012,2024-07-28,226,641,Summer
PRD-0113,Body Lotion,Beauty,3201,4422,30,132660,2023-05-24,75,4300,Spring
PRD-0114,Smart Watch,Electronics,50250,64390,298,19188220,2024-11-17,512,63495,Autumn
PRD-0115,Instant Pot,Home Appliances,31219,49730,168,8354640,2024-09-22,144,54708,Autumn
PRD-0116,Coconut Milk,Grocery,678,910,172,156520,2024-12-03,326,873,Winter
PRD-0117,Tablet Z,Electronics,14680,18692,51,953292,2024-04-10,96,20644,Spring
PRD-0118,Sunglasses UV400,Accessories,4449,5989,91,544999,2024-08-01,159,5317,Summer
PRD-0119,Coffee Maker,Home Appliances,12842,16547,163,2697161,2023-01-03,404,18535,Winter
PRD-0120,Instant Pot,Home Appliances,5628,9679,257,2487503,2024-01-02,347,8610,Winter
PRD-0121,Smartphone X12,Electronics,11465,16654,162,2697948,2023-03-07,271,14724,Spring
PRD-0122,Smart Watch,Electronics,53216,65244,178,11613432,2024-11-05,434,70788,Autumn
PRD-0123,LED Monitor,Electronics,48212,70185,275,19300875,2024-12-30,258,61930,Winter
PRD-0124,Robot Vacuum,Home Appliances,6164,9706,170,1650020,2024-12-30,289,9955,Winter
PRD-0125,Almond Butter,Grocery,229,371,298,110558,2024-10-28,677,410,Autumn
PRD-0126,Basmati Rice 5kg,Grocery,638,1082,108,116856,2023-04-08,133,1049,Spring
PRD-0127,Key Finder,Accessories,563,957,212,202884,2023-04-09,216,840,Spring
PRD-0128,Gaming Console,Electronics,39171,56660,343,19434380,2024-03-09,839,63011,Spring
PRD-0129,Air Fryer,Home Appliances,5419,8153,72,587016,2024-05-08,161,7309,Spring
PRD-0130,Green Tea Pack,Grocery,846,1425,221,314925,2024-09-28,187,1573,Autumn
PRD-0131,Phone Case Pro,Accessories,356,486,150,72900,2023-12-14,157,524,Winter
PRD-0132,Moisturizer SPF50,Beauty,668,1055,81,85455,2024-06-27,112,906,Summer
PRD-0133,Protein Granola,Grocery,1110,1710,78,133380,2023-02-23,69,1497,Winter
PRD-0134,LED Monitor,Electronics,38759,57805,79,4566595,2023-10-07,110,56800,Autumn
PRD-0135,LED Monitor,Electronics,31874,44147,30,1324410,2024-09-05,72,40446,Autumn
PRD-0136,Fitness Tracker,Sports,2239,2848,73,207904,2024-03-16,146,2846,Spring
PRD-0137,Air Fryer,Home Appliances,4378,7517,146,1097482,2023-01-20,195,6485,Winter
PRD-0138,Almond Butter,Grocery,1022,1483,301,446383,2023-01-22,726,1312,Winter
PRD-0139,Protein Granola,Grocery,215,367,128,46976,2024-08-26,292,339,Summer
PRD-0140,Running Shoes,Sports,2532,3294,169,556686,2023-04-27,358,3304,Spring
PRD-0141,Olive Oil 1L,Grocery,407,524,61,31964,2024-09-08,57,476,Autumn
PRD-0142,Key Finder,Accessories,2705,4161,291,1210851,2024-11-28,547,4260,Autumn
PRD-0143,Lipstick Set,Beauty,698,866,245,212170,2023-11-07,343,851,Autumn
PRD-0144,LED Monitor,Electronics,28048,34615,277,9588355,2023-03-20,264,38060,Spring
PRD-0145,Induction Cooktop,Home Appliances,17269,26466,225,5954850,2023-02-12,429,28783,Winter
PRD-0146,Winter Coat,Fashion,5514,9785,331,3238835,2023-12-18,628,9640,Winter
PRD-0147,LED Monitor,Electronics,55540,84112,156,13121472,2024-01-08,233,86883,Winter
PRD-0148,Designer Jacket,Fashion,8392,13330,163,2172790,2023-04-07,200,11594,Spring
PRD-0149,Business Strategy,Books,287,445,130,57850,2023-12-25,250,397,Winter
PRD-0150,Laptop Pro,Electronics,20789,29645,273,8093085,2023-05-11,561,32239,Spring
PRD-0151,Moisturizer SPF50,Beauty,2332,3391,151,512041,2024-01-07,209,3250,Winter
PRD-0152,Running Shoes,Sports,1818,2332,158,368456,2023-04-14,325,2036,Spring
PRD-0153,Air Fryer,Home Appliances,30921,48571,89,4322819,2023-06-07,188,49988,Summer
PRD-0154,Dumbbell Set,Sports,5132,6293,289,1818677,2023-09-01,601,6037,Autumn
PRD-0155,Running Shoes,Sports,3878,5374,298,1601452,2024-04-25,582,5872,Spring
PRD-0156,Water Purifier,Home Appliances,17235,23596,143,3374228,2024-06-24,163,22760,Summer
PRD-0157,Stand Mixer,Home Appliances,3722,5540,233,1290820,2023-04-16,236,5326,Spring
PRD-0158,Wireless Earbuds,Electronics,18912,32967,50,1648350,2024-03-23,109,29479,Spring
PRD-0159,Data Science Handbook,Books,320,460,360,165600,2024-01-31,305,443,Winter
PRD-0160,Desk Organizer,Accessories,4473,5737,197,1130189,2024-04-28,394,5370,Spring
PRD-0161,Organic Rice 5kg,Grocery,1278,1548,204,315792,2023-06-03,346,1416,Summer
PRD-0162,Tablet Z,Electronics,17120,21796,220,4795120,2024-10-16,217,20086,Autumn
PRD-0163,Sunglasses UV400,Accessories,3613,5582,155,865210,2023-10-26,187,5948,Autumn
PRD-0164,Premium Coffee,Grocery,781,1106,253,279818,2024-07-11,441,1256,Summer
PRD-0165,Coconut Milk,Grocery,157,225,130,29250,2023-01-17,157,216,Winter
PRD-0166,Moisturizer SPF50,Beauty,2746,4506,139,626334,2023-02-15,263,4280,Winter
PRD-0167,Creative Thinking,Books,552,821,41,33661,2023-05-19,65,743,Spring
PRD-0168,Designer Jacket,Fashion,8411,14563,178,2592214,2023-11-14,307,13757,Autumn
PRD-0169,Formal Shirt,Fashion,3361,5772,87,502164,2024-11-02,124,4989,Autumn
PRD-0170,Creative Thinking,Books,517,740,258,190920,2024-05-23,556,845,Spring
PRD-0171,Denim Jeans,Fashion,7771,9693,202,1957986,2023-07-04,189,9991,Summer
PRD-0172,Foundation Pro,Beauty,1672,2726,101,275326,2024-03-30,230,2453,Spring
PRD-0173,Almond Butter,Grocery,457,817,252,205884,2023-03-18,421,927,Spring
PRD-0174,Dumbbell Set,Sports,6684,8593,29,249197,2024-03-24,62,8870,Spring
PRD-0175,Almond Butter,Grocery,1334,1627,271,440917,2024-04-05,568,1458,Spring
PRD-0176,Air Fryer,Home Appliances,15135,24061,25,601525,2023-04-27,42,22254,Spring
PRD-0177,Leather Wallet,Accessories,1614,2189,111,242979,2024-09-18,181,2154,Autumn
PRD-0178,Laptop Pro,Electronics,28054,48792,305,14881560,2023-03-31,756,47989,Spring
PRD-0179,Moisturizer SPF50,Beauty,2015,2769,279,772551,2023-06-11,526,2603,Summer
PRD-0180,Running Shoes,Sports,1113,1470,27,39690,2024-05-20,39,1311,Spring
PRD-0181,Dumbbell Set,Sports,4400,5508,187,1029996,2024-05-05,411,5193,Spring
PRD-0182,Gaming Console,Electronics,37759,55505,84,4662420,2023-12-19,146,58504,Winter
PRD-0183,Instant Pot,Home Appliances,16276,28425,148,4206900,2023-05-08,159,24634,Spring
PRD-0184,Travel Pillow,Accessories,2069,3651,115,419865,2023-03-22,200,4084,Spring
PRD-0185,Tablet Z,Electronics,36336,45640,318,14513520,2024-08-29,611,47570,Summer
PRD-0186,Protein Powder,Sports,5945,9144,69,630936,2023-01-30,146,10036,Winter
PRD-0187,Formal Shirt,Fashion,8170,11846,312,3695952,2024-05-24,590,12340,Spring
PRD-0188,Formal Shirt,Fashion,8547,13769,197,2712493,2023-03-16,297,12932,Spring
PRD-0189,Protein Granola,Grocery,889,1234,361,445474,2023-12-20,516,1315,Winter
PRD-0190,Air Fryer,Home Appliances,9977,12706,48,609888,2023-05-25,70,12514,Spring
PRD-0191,Coffee Maker,Home Appliances,33769,58805,264,15524520,2024-08-14,283,64335,Summer
PRD-0192,Key Finder,Accessories,2893,4007,205,821435,2024-02-07,239,3434,Winter
PRD-0193,Organic Rice 5kg,Grocery,466,726,169,122694,2024-11-19,379,801,Autumn
PRD-0194,Green Tea Pack,Grocery,1046,1735,44,76340,2024-02-15,62,1665,Winter
PRD-0195,Silk Scarf,Fashion,5543,9194,174,1599756,2024-09-30,428,8586,Autumn
PRD-0196,Protein Granola,Grocery,825,1171,145,169795,2024-09-08,127,1046,Autumn
PRD-0197,Gaming Console,Electronics,46002,69537,72,5006664,2024-06-11,97,62214,Summer
PRD-0198,Green Tea Pack,Grocery,872,1312,227,297824,2024-05-16,496,1316,Spring
PRD-0199,Premium Coffee,Grocery,1374,2130,286,609180,2024-12-05,358,2320,Winter
PRD-0200,Perfume Luxe,Beauty,2581,4001,216,864216,2024-10-06,312,3606,Autumn
PRD-0201,Self Help Master,Books,163,288,161,46368,2023-01-20,242,254,Winter
PRD-0202,Winter Coat,Fashion,9228,15148,161,2438828,2023-05-22,402,13159,Spring
PRD-0203,Induction Cooktop,Home Appliances,12354,16108,266,4284728,2023-12-17,605,18100,Winter
PRD-0204,Foundation Pro,Beauty,2213,2911,130,378430,2024-07-25,321,2690,Summer
PRD-0205,Running Shoes,Sports,4925,7355,365,2684575,2024-07-27,462,7310,Summer
PRD-0206,Bluetooth Speaker,Electronics,50684,72819,100,7281900,2023-05-30,201,69436,Spring
PRD-0207,Winter Coat,Fashion,7060,11638,107,1245266,2024-07-05,135,10639,Summer
PRD-0208,Smart Watch,Electronics,17365,27817,76,2114092,2024-10-15,103,28076,Autumn
PRD-0209,Instant Pot,Home Appliances,2171,3322,332,1102904,2024-02-21,534,3750,Winter
PRD-0210,Foundation Pro,Beauty,1260,2000,230,460000,2023-04-02,473,2245,Spring
PRD-0211,Data Science Handbook,Books,524,684,324,221616,2023-06-30,720,762,Summer
PRD-0212,Dumbbell Set,Sports,6575,11686,34,397324,2023-02-08,33,13180,Winter
PRD-0213,Phone Case Pro,Accessories,2653,4204,283,1189732,2023-05-18,319,4235,Spring
PRD-0214,Wireless Earbuds,Electronics,42287,67193,341,22912813,2023-01-15,602,71599,Winter
PRD-0215,Dumbbell Set,Sports,4393,6955,154,1071070,2024-03-13,298,6758,Spring
PRD-0216,Wireless Earbuds,Electronics,29350,51700,102,5273400,2024-01-28,247,44051,Winter
PRD-0217,Designer Jacket,Fashion,3116,4411,46,202906,2024-11-14,69,4062,Autumn
PRD-0218,Stand Mixer,Home Appliances,24780,39232,259,10161088,2024-01-12,266,44418,Winter
PRD-0219,Gaming Console,Electronics,26208,40086,319,12787434,2024-07-04,668,39735,Summer
PRD-0220,Moisturizer SPF50,Beauty,1934,2934,65,190710,2024-07-31,152,2812,Summer
PRD-0221,Summer Dress,Fashion,2145,3674,78,286572,2024-11-27,74,3610,Autumn
PRD-0222,Air Purifier,Home Appliances,16963,25579,202,5166958,2023-03-01,267,25247,Spring
PRD-0223,Tablet Z,Electronics,46639,76837,196,15060052,2023-02-16,337,78642,Winter
PRD-0224,Laptop Pro,Electronics,55293,82013,285,23373705,2023-07-04,702,76775,Summer
PRD-0225,Eye Cream,Beauty,1436,2491,169,420979,2024-01-22,325,2453,Winter
PRD-0226,Air Fryer,Home Appliances,5915,10622,218,2315596,2023-05-11,176,10281,Spring
PRD-0227,Tablet Z,Electronics,28613,46681,294,13724214,2024-01-24,408,45618,Winter
PRD-0228,Denim Jeans,Fashion,822,1312,102,133824,2023-01-17,185,1357,Winter
PRD-0229,Organic Rice 5kg,Grocery,418,513,106,54378,2024-07-06,95,504,Summer
PRD-0230,Stand Mixer,Home Appliances,9727,17021,242,4119082,2024-08-14,326,17410,Summer
PRD-0231,Summer Dress,Fashion,10357,15668,41,642388,2023-10-09,94,15262,Autumn
PRD-0232,Minimalist Watch,Accessories,3202,3932,215,845380,2024-10-20,288,3748,Autumn
PRD-0233,Olive Oil 1L,Grocery,490,642,245,157290,2023-09-04,491,649,Autumn
PRD-0234,Yoga Mat Pro,Sports,4068,7244,133,963452,2023-05-18,181,7368,Spring
PRD-0235,LED Monitor,Electronics,48204,60519,42,2541798,2023-07-15,77,64596,Summer
PRD-0236,Laptop Pro,Electronics,14596,24186,94,2273484,2024-07-26,220,25814,Summer
PRD-0237,Designer Jacket,Fashion,2618,3440,345,1186800,2024-05-05,689,3689,Spring
PRD-0238,Basmati Rice 5kg,Grocery,818,1362,220,299640,2024-06-30,311,1313,Summer
PRD-0239,Creative Thinking,Books,190,340,263,89420,2023-11-24,395,337,Autumn
PRD-0240,Coffee Maker,Home Appliances,26461,32011,217,6946387,2024-08-21,230,32523,Summer
PRD-0241,Silk Scarf,Fashion,6198,8351,163,1361213,2024-12-02,266,8478,Winter
PRD-0242,Cycling Helmet,Sports,3388,5555,232,1288760,2023-05-24,547,5309,Spring
PRD-0243,Air Purifier,Home Appliances,19290,32859,25,821475,2024-11-15,26,28663,Autumn
PRD-0244,Moisturizer SPF50,Beauty,2534,3055,50,152750,2024-01-18,119,3060,Winter
PRD-0245,Key Finder,Accessories,285,433,198,85734,2023-01-18,487,421,Winter
PRD-0246,Bluetooth Speaker,Electronics,46115,80511,149,11996139,2023-04-09,276,71019,Spring
PRD-0247,Leather Bag,Fashion,3173,4563,171,780273,2024-02-20,339,4389,Winter
PRD-0248,Denim Jeans,Fashion,7037,12068,152,1834336,2023-04-06,245,13008,Spring
PRD-0249,Hair Growth Oil,Beauty,473,808,268,216544,2023-12-06,258,843,Winter
PRD-0250,Air Purifier,Home Appliances,9582,16680,168,2802240,2024-08-03,156,17642,Summer
PRD-0251,Sunglasses UV400,Accessories,1169,1999,203,405797,2023-08-01,408,1709,Summer
PRD-0252,Premium Coffee,Grocery,489,752,281,211312,2024-02-03,408,767,Winter
PRD-0253,Resistance Bands,Sports,3655,6523,71,463133,2024-03-23,130,5650,Spring
PRD-0254,Induction Cooktop,Home Appliances,33974,47422,172,8156584,2024-04-06,413,49330,Spring
PRD-0255,Almond Butter,Grocery,211,332,54,17928,2024-12-31,78,362,Winter
PRD-0256,Dumbbell Set,Sports,5256,7306,320,2337920,2023-01-06,670,6444,Winter
PRD-0257,Laptop Pro,Electronics,14557,21389,57,1219173,2024-02-22,99,21740,Winter
PRD-0258,Air Fryer,Home Appliances,30503,36829,243,8949447,2023-03-28,604,35877,Spring
PRD-0259,Summer Dress,Fashion,7353,9571,128,1225088,2023-10-02,197,8907,Autumn
PRD-0260,Coconut Milk,Grocery,1117,1582,186,294252,2024-10-02,294,1793,Autumn
PRD-0261,Smartphone X12,Electronics,53390,74710,189,14120190,2023-12-04,416,77404,Winter
PRD-0262,Hair Growth Oil,Beauty,1191,1860,143,265980,2024-05-05,350,1969,Spring
PRD-0263,Winter Coat,Fashion,10178,16989,228,3873492,2023-10-15,227,16102,Autumn
PRD-0264,Instant Pot,Home Appliances,24497,37482,324,12144168,2024-04-17,699,42576,Spring
PRD-0265,Python ML Guide,Books,486,815,59,48085,2024-05-26,73,793,Spring
PRD-0266,Bluetooth Speaker,Electronics,45243,56299,233,13117667,2024-05-05,552,64587,Spring
PRD-0267,Leadership 101,Books,373,625,241,150625,2024-07-03,238,599,Summer
PRD-0268,Leather Bag,Fashion,2163,3391,207,701937,2024-10-22,430,3455,Autumn
PRD-0269,Minimalist Watch,Accessories,772,972,205,199260,2024-06-15,241,891,Summer
PRD-0270,Coconut Milk,Grocery,1104,1715,387,663705,2023-12-20,504,1715,Winter
PRD-0271,Leather Wallet,Accessories,827,1459,112,163408,2023-11-16,189,1302,Autumn
PRD-0272,Denim Jeans,Fashion,4882,7899,33,260667,2023-11-04,28,7470,Autumn
PRD-0273,Denim Jeans,Fashion,7271,9442,191,1803422,2023-09-07,260,10813,Autumn
PRD-0274,Coconut Milk,Grocery,401,579,179,103641,2024-10-17,368,524,Autumn
PRD-0275,Creative Thinking,Books,393,563,132,74316,2023-07-30,284,598,Summer
PRD-0276,Instant Pot,Home Appliances,14071,18549,233,4321917,2024-11-17,440,16401,Autumn
PRD-0277,Induction Cooktop,Home Appliances,21371,30106,79,2378374,2024-09-24,171,33227,Autumn
PRD-0278,Leather Wallet,Accessories,3829,5314,76,403864,2023-04-30,127,4897,Spring
PRD-0279,Olive Oil 1L,Grocery,847,1231,267,328677,2024-07-04,667,1226,Summer
PRD-0280,Water Purifier,Home Appliances,11532,15133,37,559921,2024-09-26,30,16686,Autumn
PRD-0281,Bluetooth Speaker,Electronics,54155,81409,218,17747162,2024-12-02,339,81286,Winter
PRD-0282,Smartphone X12,Electronics,45590,60740,158,9596920,2023-08-19,249,52225,Summer
PRD-0283,Cycling Helmet,Sports,3983,5050,255,1287750,2024-07-10,561,4466,Summer
PRD-0284,LED Monitor,Electronics,32864,58954,191,11260214,2024-10-31,477,51922,Autumn
PRD-0285,Protein Granola,Grocery,1221,1529,267,408243,2023-05-01,582,1697,Spring
PRD-0286,Air Fryer,Home Appliances,30415,47635,53,2524655,2024-09-22,61,46608,Autumn
PRD-0287,Gaming Console,Electronics,32146,50087,122,6110614,2024-12-21,295,45104,Winter
PRD-0288,Robot Vacuum,Home Appliances,6474,10682,354,3781428,2023-03-02,360,10399,Spring
PRD-0289,Self Help Master,Books,210,293,107,31351,2024-11-23,201,271,Autumn
PRD-0290,Eye Cream,Beauty,1692,2674,175,467950,2023-04-06,347,2979,Spring
PRD-0291,Creative Thinking,Books,540,754,207,156078,2023-04-06,399,641,Spring
PRD-0292,Premium Coffee,Grocery,1134,1631,205,334355,2023-08-05,263,1860,Summer
PRD-0293,Instant Pot,Home Appliances,20683,30843,192,5921856,2024-11-29,358,29397,Autumn
PRD-0294,Data Science Handbook,Books,201,345,372,128340,2023-01-01,927,339,Winter
PRD-0295,Phone Case Pro,Accessories,1058,1862,99,184338,2024-11-01,191,1736,Autumn
PRD-0296,Vitamin C Serum,Beauty,1508,2086,156,325416,2023-08-28,150,2211,Summer
PRD-0297,Denim Jeans,Fashion,1827,2440,29,70760,2023-01-10,29,2572,Winter
PRD-0298,Business Strategy,Books,346,463,45,20835,2023-04-15,59,406,Spring
PRD-0299,Olive Oil 1L,Grocery,934,1500,24,36000,2024-07-30,37,1306,Summer
PRD-0300,Dumbbell Set,Sports,6463,10145,46,466670,2023-08-11,96,9970,Summer
PRD-0301,Induction Cooktop,Home Appliances,13601,19825,93,1843725,2023-09-11,162,21556,Autumn
PRD-0302,Stand Mixer,Home Appliances,27706,44725,267,11941575,2024-11-05,489,49393,Autumn
PRD-0303,Bluetooth Speaker,Electronics,20073,24745,157,3884965,2023-09-03,259,27699,Autumn
PRD-0304,Air Purifier,Home Appliances,34567,60850,149,9066650,2024-08-05,163,54132,Summer
PRD-0305,Robot Vacuum,Home Appliances,2551,3165,381,1205865,2023-02-10,563,2939,Winter
PRD-0306,Silk Scarf,Fashion,4736,6826,225,1535850,2024-07-04,299,7114,Summer
PRD-0307,Coffee Maker,Home Appliances,34152,44166,247,10909002,2024-08-23,484,41870,Summer
PRD-0308,Bluetooth Speaker,Electronics,42228,72120,235,16948200,2023-03-30,433,62555,Spring
PRD-0309,Wireless Earbuds,Electronics,11092,18022,193,3478246,2023-06-17,324,19111,Summer
PRD-0310,History of AI,Books,218,278,216,60048,2023-10-03,503,301,Autumn
PRD-0311,Silk Scarf,Fashion,3220,3987,250,996750,2024-08-13,417,4241,Summer
PRD-0312,Wireless Earbuds,Electronics,23752,32138,195,6266910,2024-08-10,402,28309,Summer
PRD-0313,Smartphone X12,Electronics,17472,25912,92,2383904,2023-06-03,79,25002,Summer
PRD-0314,Jump Rope,Sports,1804,2434,94,228796,2023-11-24,135,2738,Autumn
PRD-0315,Air Purifier,Home Appliances,7918,13323,58,772734,2024-02-15,74,15247,Winter
PRD-0316,Finance Freedom,Books,185,273,161,43953,2023-10-26,299,262,Autumn
PRD-0317,Coconut Milk,Grocery,1397,2327,276,642252,2024-07-13,224,2489,Summer
PRD-0318,Basmati Rice 5kg,Grocery,804,1272,335,426120,2023-01-10,642,1346,Winter
PRD-0319,History of AI,Books,193,293,335,98155,2024-05-18,349,270,Spring
PRD-0320,Designer Jacket,Fashion,9713,16885,350,5909750,2024-12-18,725,16985,Winter
PRD-0321,Instant Pot,Home Appliances,23028,33082,183,6054006,2023-03-05,220,33994,Spring
PRD-0322,Leather Bag,Fashion,9760,14013,145,2031885,2023-12-01,134,15408,Winter
PRD-0323,Denim Jeans,Fashion,2054,2667,66,176022,2024-02-21,139,2640,Winter
PRD-0324,Coconut Milk,Grocery,445,566,130,73580,2024-12-03,237,508,Winter
PRD-0325,Leather Bag,Fashion,1983,3226,256,825856,2024-02-10,318,3679,Winter
PRD-0326,Sunglasses UV400,Accessories,5341,9148,109,997132,2024-07-17,236,9302,Summer
PRD-0327,Smartphone X12,Electronics,8145,13591,265,3601615,2023-07-22,496,12459,Summer
PRD-0328,Foundation Pro,Beauty,3228,4019,370,1487030,2023-07-22,377,4618,Summer
PRD-0329,Desk Organizer,Accessories,862,1522,157,238954,2024-08-10,258,1317,Summer
PRD-0330,Almond Butter,Grocery,325,432,117,50544,2023-10-14,216,391,Autumn
PRD-0331,Stand Mixer,Home Appliances,18463,31935,96,3065760,2023-03-31,109,31734,Spring
PRD-0332,Self Help Master,Books,409,688,324,222912,2024-01-27,559,749,Winter
PRD-0333,Air Fryer,Home Appliances,14817,19379,35,678265,2023-08-13,45,18326,Summer
PRD-0334,Cycling Helmet,Sports,3847,6386,69,440634,2023-06-13,86,7343,Summer
PRD-0335,Yoga Mat Pro,Sports,5419,9584,175,1677200,2024-02-02,391,9802,Winter
PRD-0336,Gaming Console,Electronics,46117,74644,303,22617132,2023-01-29,535,83914,Winter
PRD-0337,Smart Watch,Electronics,47672,80386,145,11655970,2024-07-09,138,91730,Summer
PRD-0338,Formal Shirt,Fashion,699,1039,65,67535,2024-09-20,131,987,Autumn
PRD-0339,Desk Organizer,Accessories,522,673,305,205265,2023-05-26,690,714,Spring
PRD-0340,Desk Organizer,Accessories,4005,6397,124,793228,2023-12-11,132,6562,Winter
PRD-0341,Key Finder,Accessories,3706,4835,413,1996855,2024-12-11,581,5515,Winter
PRD-0342,Hair Growth Oil,Beauty,1449,2377,286,679822,2023-07-01,690,2230,Summer
PRD-0343,Organic Rice 5kg,Grocery,337,469,91,42679,2024-09-18,218,512,Autumn
PRD-0344,Laptop Pro,Electronics,17138,30667,260,7973420,2023-04-01,530,27612,Spring
PRD-0345,Designer Jacket,Fashion,3152,4254,223,948642,2023-09-20,197,3702,Autumn
PRD-0346,Almond Butter,Grocery,1360,2354,148,348392,2024-01-23,327,2349,Winter
PRD-0347,Running Shoes,Sports,1390,1729,26,44954,2023-10-29,25,1908,Autumn
PRD-0348,Silk Scarf,Fashion,2109,2626,164,430664,2023-04-06,380,2974,Spring
PRD-0349,Eye Cream,Beauty,3310,4300,45,193500,2023-06-10,111,4803,Summer
PRD-0350,Green Tea Pack,Grocery,959,1322,227,300094,2024-02-07,241,1162,Winter
PRD-0351,Almond Butter,Grocery,214,363,74,26862,2024-05-06,81,377,Spring
PRD-0352,Denim Jeans,Fashion,5236,6646,196,1302616,2024-04-27,187,7214,Spring
PRD-0353,Instant Pot,Home Appliances,14244,20353,109,2218477,2023-02-15,129,18439,Winter
PRD-0354,Designer Jacket,Fashion,2011,3254,103,335162,2024-11-15,252,2860,Autumn
PRD-0355,Air Purifier,Home Appliances,29746,50302,281,14134862,2024-07-02,498,49074,Summer
PRD-0356,Sneakers Pro,Fashion,1290,2247,212,476364,2024-05-29,376,2391,Spring
PRD-0357,Smart Ring,Accessories,850,1406,345,485070,2023-06-21,350,1268,Summer
PRD-0358,Almond Butter,Grocery,362,613,93,57009,2024-09-01,219,548,Autumn
PRD-0359,Bluetooth Speaker,Electronics,33375,51105,219,11191995,2024-06-16,468,56573,Summer
PRD-0360,Eye Cream,Beauty,571,736,322,236992,2024-08-19,764,751,Summer
PRD-0361,Robot Vacuum,Home Appliances,27930,48053,142,6823526,2024-02-25,252,53533,Winter
PRD-0362,Instant Pot,Home Appliances,11089,14264,172,2453408,2024-12-11,395,14729,Winter
PRD-0363,Vitamin C Serum,Beauty,2661,4663,181,844003,2023-01-21,240,5218,Winter
PRD-0364,Python ML Guide,Books,549,734,232,170288,2024-03-29,473,690,Spring
PRD-0365,Robot Vacuum,Home Appliances,8202,10883,312,3395496,2024-05-11,685,11941,Spring
PRD-0366,Instant Pot,Home Appliances,4165,6771,266,1801086,2024-06-20,300,6575,Summer
PRD-0367,Data Science Handbook,Books,252,371,107,39697,2024-12-22,170,418,Winter
PRD-0368,Premium Coffee,Grocery,986,1326,85,112710,2024-04-01,153,1322,Spring
PRD-0369,Summer Dress,Fashion,8877,12030,117,1407510,2023-04-03,126,13224,Spring
PRD-0370,Coffee Maker,Home Appliances,30285,48106,214,10294684,2023-10-03,486,50670,Autumn
PRD-0371,Sunglasses UV400,Accessories,2760,3531,100,353100,2023-01-09,240,3185,Winter
PRD-0372,Foundation Pro,Beauty,1599,2280,73,166440,2023-09-16,123,2177,Autumn
PRD-0373,Moisturizer SPF50,Beauty,224,403,270,108810,2024-01-19,346,459,Winter
PRD-0374,Body Lotion,Beauty,411,737,103,75911,2023-10-11,239,768,Autumn
PRD-0375,Summer Dress,Fashion,5673,7626,109,831234,2024-09-06,113,6612,Autumn
PRD-0376,LED Monitor,Electronics,55871,75742,294,22268148,2024-02-02,732,73892,Winter
PRD-0377,Protein Powder,Sports,5168,6891,320,2205120,2024-05-02,532,6963,Spring
PRD-0378,Business Strategy,Books,270,400,272,108800,2024-07-26,532,429,Summer
PRD-0379,Denim Jeans,Fashion,2723,3632,279,1013328,2024-03-06,347,4037,Spring
PRD-0380,Denim Jeans,Fashion,5205,8952,46,411792,2024-09-27,76,9176,Autumn
PRD-0381,Leadership 101,Books,367,531,71,37701,2023-06-04,106,590,Summer
PRD-0382,Water Purifier,Home Appliances,6726,11551,162,1871262,2023-03-24,178,10443,Spring
PRD-0383,Vitamin C Serum,Beauty,1692,2243,303,679629,2024-08-13,636,2427,Summer
PRD-0384,Bluetooth Speaker,Electronics,37308,53799,32,1721568,2024-01-28,65,61309,Winter
PRD-0385,Desk Organizer,Accessories,4287,6510,201,1308510,2023-01-05,398,5568,Winter
PRD-0386,Summer Dress,Fashion,1527,2294,244,559736,2023-03-08,316,2161,Spring
PRD-0387,Protein Powder,Sports,3206,5168,107,552976,2024-05-16,258,4600,Spring
PRD-0388,Minimalist Watch,Accessories,303,404,319,128876,2023-08-05,347,463,Summer
PRD-0389,Organic Rice 5kg,Grocery,588,932,42,39144,2024-09-30,81,1008,Autumn
PRD-0390,Vitamin C Serum,Beauty,359,456,186,84816,2023-05-07,197,448,Spring
PRD-0391,Vitamin C Serum,Beauty,1194,1907,216,411912,2023-10-04,327,2000,Autumn
PRD-0392,Python ML Guide,Books,266,444,71,31524,2024-09-15,120,444,Autumn
PRD-0393,Silk Scarf,Fashion,3454,4226,253,1069178,2023-08-01,303,4221,Summer
PRD-0394,Laptop Pro,Electronics,51251,87185,391,34089335,2023-06-02,363,91606,Summer
PRD-0395,Fitness Tracker,Sports,4617,6806,151,1027706,2023-09-28,166,7781,Autumn
PRD-0396,Tablet Z,Electronics,23371,37535,54,2026890,2023-04-29,47,36702,Spring
PRD-0397,Business Strategy,Books,285,495,266,131670,2023-10-02,581,563,Autumn
PRD-0398,Bluetooth Speaker,Electronics,25413,37457,403,15095171,2024-12-07,767,41229,Winter
PRD-0399,Resistance Bands,Sports,1188,1943,76,147668,2023-06-13,123,2224,Summer
PRD-0400,Water Purifier,Home Appliances,7982,11397,363,4137111,2023-01-30,739,10914,Winter
PRD-0401,Creative Thinking,Books,527,668,50,33400,2023-02-17,41,650,Winter
PRD-0402,Self Help Master,Books,551,883,251,221633,2024-06-19,385,840,Summer
PRD-0403,Cycling Helmet,Sports,2617,4202,323,1357246,2024-07-25,265,4057,Summer
PRD-0404,Key Finder,Accessories,4800,8264,100,826400,2024-05-18,127,7210,Spring
PRD-0405,Induction Cooktop,Home Appliances,15308,20528,191,3920848,2024-08-09,298,20276,Summer
PRD-0406,LED Monitor,Electronics,43007,52067,189,9840663,2023-02-06,180,50559,Winter
PRD-0407,Stand Mixer,Home Appliances,31374,48234,316,15241944,2024-04-12,282,50471,Spring
PRD-0408,Winter Coat,Fashion,3820,6343,124,786532,2024-11-03,120,6533,Autumn
PRD-0409,Vitamin C Serum,Beauty,1326,2251,190,427690,2023-10-26,186,2565,Autumn
PRD-0410,Creative Thinking,Books,208,339,97,32883,2023-04-20,98,362,Spring
PRD-0411,Self Help Master,Books,337,562,235,132070,2023-04-21,441,599,Spring
PRD-0412,Moisturizer SPF50,Beauty,2748,4040,66,266640,2024-05-31,112,4232,Spring
PRD-0413,Bluetooth Speaker,Electronics,47780,71181,232,16513992,2023-07-01,507,71359,Summer
PRD-0414,Gaming Console,Electronics,30710,43940,324,14236560,2024-12-10,790,50261,Winter
PRD-0415,Key Finder,Accessories,4546,5832,136,793152,2024-06-08,308,6011,Summer
PRD-0416,Perfume Luxe,Beauty,863,1359,301,409059,2023-12-20,604,1274,Winter
PRD-0417,Smart Ring,Accessories,2921,4722,247,1166334,2023-04-29,442,4470,Spring
PRD-0418,Minimalist Watch,Accessories,3841,6669,276,1840644,2024-03-08,233,6737,Spring
PRD-0419,Smartphone X12,Electronics,15195,25073,170,4262410,2023-10-21,154,22523,Autumn
PRD-0420,Running Shoes,Sports,5349,6522,244,1591368,2023-04-15,428,7136,Spring
PRD-0421,Silk Scarf,Fashion,2876,4805,202,970610,2023-10-22,293,5236,Autumn
PRD-0422,Protein Granola,Grocery,1356,1671,271,452841,2023-07-27,618,1793,Summer
PRD-0423,Finance Freedom,Books,460,703,114,80142,2023-07-18,223,725,Summer
PRD-0424,Wireless Earbuds,Electronics,42489,54030,135,7294050,2023-10-13,242,46584,Autumn
PRD-0425,Leather Bag,Fashion,5163,9100,175,1592500,2023-11-27,326,7844,Autumn
PRD-0426,History of AI,Books,351,542,124,67208,2024-12-25,138,519,Winter
PRD-0427,Wireless Earbuds,Electronics,26212,39900,295,11770500,2023-08-15,402,35016,Summer
PRD-0428,Winter Coat,Fashion,10466,17732,74,1312168,2023-01-10,89,20291,Winter
PRD-0429,Perfume Luxe,Beauty,3364,5414,135,730890,2023-04-27,173,5123,Spring
PRD-0430,Desk Organizer,Accessories,2977,4481,245,1097845,2023-10-31,410,4463,Autumn
PRD-0431,Smart Ring,Accessories,5447,9064,41,371624,2024-10-03,87,9154,Autumn
PRD-0432,Leadership 101,Books,493,652,275,179300,2024-03-21,569,716,Spring
PRD-0433,LED Monitor,Electronics,41560,50817,258,13110786,2023-07-02,459,44311,Summer
PRD-0434,Sneakers Pro,Fashion,4576,6730,25,168250,2023-11-20,43,6537,Autumn
PRD-0435,Moisturizer SPF50,Beauty,2695,4181,140,585340,2023-03-16,181,4433,Spring
PRD-0436,Moisturizer SPF50,Beauty,1129,1983,25,49575,2024-11-07,29,1912,Autumn
PRD-0437,Fitness Tracker,Sports,6733,8662,149,1290638,2024-10-25,259,9123,Autumn
PRD-0438,Robot Vacuum,Home Appliances,3379,5216,312,1627392,2024-07-14,646,5050,Summer
PRD-0439,Desk Organizer,Accessories,1343,2341,72,168552,2023-05-26,160,2588,Spring
PRD-0440,Wireless Earbuds,Electronics,39220,60414,157,9484998,2024-07-16,203,52338,Summer
PRD-0441,Laptop Pro,Electronics,15068,23331,86,2006466,2024-01-01,83,26491,Winter
PRD-0442,Coffee Maker,Home Appliances,12487,18361,199,3653839,2023-11-10,351,19002,Autumn
PRD-0443,Jump Rope,Sports,1430,1985,314,623290,2024-12-30,700,2155,Winter
PRD-0444,Gaming Console,Electronics,49772,73549,132,9708468,2023-11-09,250,70432,Autumn
PRD-0445,Tablet Z,Electronics,48794,62652,237,14848524,2023-09-27,483,63378,Autumn
PRD-0446,Data Science Handbook,Books,483,747,360,268920,2023-08-06,621,807,Summer
PRD-0447,Key Finder,Accessories,3731,4810,245,1178450,2024-08-26,390,4655,Summer
PRD-0448,Induction Cooktop,Home Appliances,14008,16899,210,3548790,2024-09-20,218,15575,Autumn
PRD-0449,Wireless Earbuds,Electronics,42532,63377,246,15590742,2023-08-13,307,60692,Summer
PRD-0450,Formal Shirt,Fashion,5679,9512,245,2330440,2024-04-10,466,9193,Spring
PRD-0451,Tablet Z,Electronics,47578,64610,147,9497670,2023-06-28,264,65470,Summer
PRD-0452,Python ML Guide,Books,362,516,197,101652,2024-06-12,273,579,Summer
PRD-0453,Yoga Mat Pro,Sports,3662,4700,152,714400,2023-03-20,160,4229,Spring
PRD-0454,Laptop Pro,Electronics,38717,56092,161,9030812,2023-04-27,186,53235,Spring
PRD-0455,Bluetooth Speaker,Electronics,6145,7533,71,534843,2023-06-14,164,7699,Summer
PRD-0456,Wireless Earbuds,Electronics,18171,23768,345,8199960,2024-09-05,791,27035,Autumn
PRD-0457,Fitness Tracker,Sports,6647,8840,269,2377960,2024-04-27,595,9123,Spring
PRD-0458,Instant Pot,Home Appliances,22566,33995,134,4555330,2024-12-03,242,30606,Winter
PRD-0459,Silk Scarf,Fashion,1822,2205,257,566685,2024-05-31,470,2220,Spring
PRD-0460,Smartphone X12,Electronics,49765,75586,163,12320518,2023-04-06,298,81309,Spring
PRD-0461,Leadership 101,Books,364,518,164,84952,2024-06-26,266,447,Summer
PRD-0462,Protein Powder,Sports,4247,6986,249,1739514,2024-12-14,307,7534,Winter
PRD-0463,Resistance Bands,Sports,2198,3794,27,102438,2023-07-13,22,3690,Summer
PRD-0464,Air Purifier,Home Appliances,14376,19023,154,2929542,2024-02-23,294,20760,Winter
PRD-0465,Silk Scarf,Fashion,6147,9633,336,3236688,2024-02-11,716,11054,Winter
PRD-0466,Air Fryer,Home Appliances,20450,30476,170,5180920,2024-08-14,349,34942,Summer
PRD-0467,Python ML Guide,Books,457,671,61,40931,2023-06-15,130,711,Summer
PRD-0468,Yoga Mat Pro,Sports,1377,2449,233,570617,2023-04-04,424,2086,Spring
PRD-0469,Tablet Z,Electronics,16310,20355,305,6208275,2024-01-29,584,17532,Winter
PRD-0470,Designer Jacket,Fashion,9957,16849,29,488621,2024-03-25,69,17558,Spring
PRD-0471,Coffee Maker,Home Appliances,3109,4849,244,1183156,2023-08-26,344,4872,Summer
PRD-0472,Hair Growth Oil,Beauty,487,665,130,86450,2024-11-16,218,645,Autumn
PRD-0473,Resistance Bands,Sports,6458,9879,338,3339102,2024-07-26,824,10549,Summer
PRD-0474,Formal Shirt,Fashion,5048,7281,121,881001,2023-06-29,112,6199,Summer
PRD-0475,Denim Jeans,Fashion,8529,15131,118,1785458,2024-08-11,170,16838,Summer
PRD-0476,Coffee Maker,Home Appliances,26997,47967,326,15637242,2024-04-16,528,47375,Spring
PRD-0477,Silk Scarf,Fashion,6837,12283,300,3684900,2023-08-24,420,12935,Summer
PRD-0478,Stand Mixer,Home Appliances,10193,12800,64,819200,2023-12-17,103,13467,Winter
PRD-0479,Green Tea Pack,Grocery,338,557,197,109729,2023-07-14,404,629,Summer
PRD-0480,Self Help Master,Books,244,415,80,33200,2023-12-31,189,457,Winter
PRD-0481,Body Lotion,Beauty,2226,3692,326,1203592,2023-02-13,436,3738,Winter
PRD-0482,History of AI,Books,351,629,159,100011,2023-10-14,162,708,Autumn
PRD-0483,Induction Cooktop,Home Appliances,17785,27113,368,9977584,2024-02-08,580,27133,Winter
PRD-0484,LED Monitor,Electronics,21098,25424,237,6025488,2024-01-24,436,26752,Winter
PRD-0485,Sneakers Pro,Fashion,2871,4257,94,400158,2024-01-10,142,4401,Winter
PRD-0486,Protein Powder,Sports,6024,8239,309,2545851,2023-05-15,675,7448,Spring
PRD-0487,Running Shoes,Sports,4021,6891,142,978522,2023-06-03,215,6263,Summer
PRD-0488,Gaming Console,Electronics,45052,62173,36,2238228,2024-08-04,39,63332,Summer
PRD-0489,Sneakers Pro,Fashion,5265,8308,114,947112,2023-12-09,199,8183,Winter
PRD-0490,Protein Powder,Sports,433,551,86,47386,2024-09-12,164,612,Autumn
PRD-0491,Tablet Z,Electronics,23111,37068,284,10527312,2024-04-02,366,36929,Spring
PRD-0492,Hair Growth Oil,Beauty,3065,4856,249,1209144,2024-03-07,559,5480,Spring
PRD-0493,Wireless Earbuds,Electronics,22525,31267,135,4221045,2024-12-28,170,32702,Winter
PRD-0494,Protein Granola,Grocery,1072,1621,72,116712,2023-06-21,147,1597,Summer
PRD-0495,Moisturizer SPF50,Beauty,895,1287,144,185328,2024-04-29,212,1131,Spring
PRD-0496,Resistance Bands,Sports,996,1565,112,175280,2024-02-04,144,1370,Winter
PRD-0497,Hair Growth Oil,Beauty,1938,2524,277,699148,2024-01-01,446,2172,Winter
PRD-0498,Phone Case Pro,Accessories,3162,4051,97,392947,2024-07-06,182,4596,Summer
PRD-0499,Eye Cream,Beauty,1927,3052,174,531048,2023-12-22,166,2878,Winter
PRD-0500,Silk Scarf,Fashion,3098,4282,108,462456,2023-05-20,88,3640,Spring
